alzheimers disease;;;;;;;;;
3d annotations;;;;;;;;;
absorptive capacity;;;;;;;;;
academic professionalization;;;;;;;;;
access control;;;;;;;;;
accountability;;;;;;;;;
accounting information systems;;;;;;;;;
aco;;;;;;;;;
acquisitions;;;;;;;;;
active discussion;;;;;;;;;
actornetwork theory;;;;;;;;;
ad-hoc;;;;;;;;;
adaptation;adaptation of it application;;;;;;;;
adaptive monitoring;;;;;;;;;
adaptive selling;;;;;;;;;
addiction;;;;;;;;;
adoption;sns adoption;adoption theory;;;;;;;
advertisement;;;;;;;;;
advertising;advertising appeals;;;;;;;;
affective trust;;;;;;;;;
affordances;;;;;;;;;
african humid period;;;;;;;;;
agent-based simulation;agent-based modeling and simulation (abms);;;;;;;;
agility;;;;;;;;;
ahp;;;;;;;;;
aida model;;;;;;;;;
airport service;;;;;;;;;
alcohol use and abuse;;;;;;;;;
alternative attractiveness;;;;;;;;;
altruism;;;;;;;;;
alumni;;;;;;;;;
ambient communities;;;;;;;;;
ambient organization;;;;;;;;;
analytics;analytics for cloud;analytics in cloud;;;;;;;
animation;;;;;;;;;
anomaly detection;;;;;;;;;
apology;;;;;;;;;
application programming interface (api);socialnetwork api;;;;;;;;
argument adoption;;;;;;;;;
art marketing;;;;;;;;;
artificial intelligence;;;;;;;;;
artificial neural network;ann;artificial neural network (ann);artificial neural network analysis (ann);artificial neural networks;neural network;artificial neural networks (anns);;;
artisan food and craft breweries;;;;;;;;;
arts services;;;;;;;;;
as-a-service;;;;;;;;;
asia;;;;;;;;;
assessment tool;;;;;;;;;
asset management;;;;;;;;;
asymmetric investment incentives;;;;;;;;;
asymmetric testing;;;;;;;;;
athletes;;;;;;;;;
attitude;attitudes toward it;attitudinal and behavioral responses;attitudinal loyalty;;;;;;
attribute importance;;;;;;;;;
attribution theory;;;;;;;;;
attrition;;;;;;;;;
audience measurement;;;;;;;;;
auditing;;;;;;;;;
augmentation hypothesis;;;;;;;;;
autoeficacia en computacion;;;;;;;;;
automatic image annotation;;;;;;;;;
b2b marketing;;;;;;;;;
b2b social media;;;;;;;;;
b2b2c marketing;;;;;;;;;
bandwagon and snob effects;;;;;;;;;
banking regulation;;;;;;;;;
bankruptcy;;;;;;;;;
banks;;;;;;;;;
behavioral analysis;behavioral patterns;behavioral operations;behavioral loyalty;human behavioral intention to use;;;;;
best practices;;;;;;;;;
bibliography;bibliographic information;;;;;;;;
bibliometrics;bibliometric mapping;;;;;;;;
big data;big data analytics;big data commerce;big data warehouse;big-data;;;;;
big-five model;;;;;;;;;
bio-inspired algorithms;genetic algorithms;evolutionary computing;swarm intelligence;;;;;;
blockchain;;;;;;;;;
bodily experience;;;;;;;;;
booking intention;;;;;;;;;
bootstrapping;bootstrap resampling;;;;;;;;
born global;;;;;;;;;
bosnia and hercegovina;;;;;;;;;
bourdieu;;;;;;;;;
bpm;;;;;;;;;
brand;brands;branding;;;;;;;
brand attachment;;;;;;;;;
brand awareness;;;;;;;;;
brand co-creation;;;;;;;;;
brand commitment;;;;;;;;;
brand community commitment;;;;;;;;;
brand engagement;;;;;;;;;
brand equity;;;;;;;;;
brand identity;;;;;;;;;
brand importance;;;;;;;;;
brand loyalty;;;;;;;;;
brand management;;;;;;;;;
brand performance;;;;;;;;;
brand post content;;;;;;;;;
broken windows;;;;;;;;;
browsing experience;;;;;;;;;
building resources;;;;;;;;;
business alliances;;;;;;;;;
business concept;;;;;;;;;
business intelligence;business intelligence (bi);;;;;;;;
business involvement;;;;;;;;;
business marketing;;;;;;;;;
business model;;;;;;;;;
business models;;;;;;;;;
business networks;;;;;;;;;
business process management;business process efficiency;business process management (bpm);business process architecture;business process simulation;business process;;;;
business value;;;;;;;;;
business-to-business;b2b;;;;;;;;
business-to-business branding;;;;;;;;;
business-to-business marketing;;;;;;;;;
buyerseller relationships;;;;;;;;;
buyersupplier relationships;;;;;;;;;
cachaca;;;;;;;;;
calculative trust;;;;;;;;;
california archaeology;;;;;;;;;
canonical correlation;;;;;;;;;
capabilities;;;;;;;;;
capability-based view;;;;;;;;;
capacidades de los medios sociales;;;;;;;;;
capacity remuneration mechanisms;;;;;;;;;
care left undone;;;;;;;;;
care processes;;;;;;;;;
caregivers;;;;;;;;;
case study;case studies;case study design;;;;;;;
cause related marketing (crm);cause-related marketing (crm);;;;;;;;
cdr data;;;;;;;;;
centrality;;;;;;;;;
ceo;;;;;;;;;
change;;;;;;;;;
channel diversity;;;;;;;;;
channel effectiveness;;;;;;;;;
channel management;;;;;;;;;
chief information officers;;;;;;;;;
china;chinese consumer;chinese text;;;;;;;
christchurch earthquake;;;;;;;;;
circular economy;;;;;;;;;
citation analysis;;;;;;;;;
city engagement;;;;;;;;;
classification;;;;;;;;;
client profile;;;;;;;;;
clinical pathways;;;;;;;;;
close relationships;;;;;;;;;
cloud;cloud computing;;;;;;;;
cloud contracts;;;;;;;;;
cloud framework;;;;;;;;;
cloud industry;;;;;;;;;
cloud integration;;;;;;;;;
cloud manufacturing;;;;;;;;;
cloud of things;;;;;;;;;
cloud platform;;;;;;;;;
cloud providers;;;;;;;;;
cloud provisioning;;;;;;;;;
cloud resource demand prediction;;;;;;;;;
cloud resource usage optimization;;;;;;;;;
cloud security;cloud security challenges;cloud security issues;;;;;;;
cloud service;cloud services;;;;;;;;
cloud service provider selection;;;;;;;;;
cloud use;cloud users;;;;;;;;
cloud-based information systems;;;;;;;;;
cloudlet completion time;;;;;;;;;
cloudsim;;;;;;;;;
cltv;;;;;;;;;
cluster analysis;clustering;;;;;;;;
cluster ensemble;;;;;;;;;
cluster-based undersampling technique;;;;;;;;;
co-created value;;;;;;;;;
co-creation;co-creation practices;;;;;;;;
co-innovation;;;;;;;;;
co-location traces;;;;;;;;;
coding;;;;;;;;;
cognitive literacy;;;;;;;;;
cognitive trust;;;;;;;;;
cognitive work analysis;;;;;;;;;
cohesion;;;;;;;;;
collaboration;;;;;;;;;
collaboration scenarios;;;;;;;;;
collaboration software;;;;;;;;;
collaboration systems;;;;;;;;;
collaborative manufacturing network (cmn);;;;;;;;;
collective inference procedures;;;;;;;;;
collective interdependence;;;;;;;;;
comics and games;;;;;;;;;
commercial activities;;;;;;;;;
commitment;;;;;;;;;
commitmenttrust theory;;;;;;;;;
communication;;;;;;;;;
communication intention;;;;;;;;;
community detection;;;;;;;;;
community promotion behavior;;;;;;;;;
community resilience;;;;;;;;;
community rewards;;;;;;;;;
community sponsor;;;;;;;;;
companies;;;;;;;;;
comparison of software architectures component;;;;;;;;;
compatibility;;;;;;;;;
competence;;;;;;;;;
competition;;;;;;;;;
competition law;;;;;;;;;
competitive advantage;;;;;;;;;
competitive intelligence;;;;;;;;;
competitive responses;;;;;;;;;
complaint theme;;;;;;;;;
complementarities;;;;;;;;;
complexity;complexity theory;;;;;;;;
comprehensibility;;;;;;;;;
computational simulation;;;;;;;;;
computational social science;;;;;;;;;
computer anxiety;;;;;;;;;
computer selfefficacy;;;;;;;;;
conceptual framework;;;;;;;;;
confianza;;;;;;;;;
configural analysis;;;;;;;;;
conflict;;;;;;;;;
conflict management;;;;;;;;;
conflict types;;;;;;;;;
conjoint analysis;;;;;;;;;
connected component;;;;;;;;;
conservation agriculture;;;;;;;;;
conspicuous consumption;;;;;;;;;
conspicuous prosocial behavior;;;;;;;;;
construction;;;;;;;;;
consultancy firm;;;;;;;;;
consumer;consumers;;;;;;;;
consumer acceptance;;;;;;;;;
consumer behavior;;;;;;;;;
consumer behaviour;;;;;;;;;
consumer conformity;;;;;;;;;
consumer engagement;;;;;;;;;
consumer insights;;;;;;;;;
consumer involvement;;;;;;;;;
consumer marketing company;;;;;;;;;
consumer perceptions;;;;;;;;;
consumer relationship management;;;;;;;;;
consumer resonance;;;;;;;;;
consumer-brand identification;;;;;;;;;
consumer-company fit;;;;;;;;;
consumer-generated content;;;;;;;;;
consumer-to-consumer;;;;;;;;;
consumers attitudes;;;;;;;;;
content analysis;content analytics;;;;;;;;
content and methodological aspect of teaching;;;;;;;;;
content pipeline;;;;;;;;;
context awareness;;;;;;;;;
context selection;;;;;;;;;
context sensitivity;;;;;;;;;
contingency theory;;;;;;;;;
contingent resource perspective;;;;;;;;;
continuance behavior;;;;;;;;;
continuance broadcasting intention;;;;;;;;;
continuance intention;;;;;;;;;
continued usage intention;;;;;;;;;
continuous adoption intention;;;;;;;;;
continuous-time markov process;;;;;;;;;
contractual;;;;;;;;;
controlled traffic farming;;;;;;;;;
convergence;;;;;;;;;
convergent validity;;;;;;;;;
cooperative assets;;;;;;;;;
copyright;;;;;;;;;
core technology;;;;;;;;;
corporate bankruptcy prediction;;;;;;;;;
corporate blog;;;;;;;;;
corporate culture;;;;;;;;;
corporate entrepreneurship (ce);;;;;;;;;
corporate governance;;;;;;;;;
corporate identity;;;;;;;;;
corporate social responsibility;;;;;;;;;
correlation analysis;;;;;;;;;
correspondence analysis;;;;;;;;;
cost;;;;;;;;;
country-specific advantages;;;;;;;;;
coupling learning;;;;;;;;;
coupling relationship;;;;;;;;;
creative industries;;;;;;;;;
creativity;;;;;;;;;
credibility;;;;;;;;;
credit union;;;;;;;;;
crew communication;;;;;;;;;
crewing;;;;;;;;;
criteria;;;;;;;;;
critical success factors (csfs);;;;;;;;;
crm adoption;;;;;;;;;
crm benefits;;;;;;;;;
crm systems;;;;;;;;;
croatian five-star hotels;;;;;;;;;
cropping systems;;;;;;;;;
cross-cultural study;;;;;;;;;
cross-fertilization;;;;;;;;;
cross-functional integration;;;;;;;;;
cross-paradigm comparison;;;;;;;;;
crowdfunding;crowdfunding platform;;;;;;;;
crowdsourcing;;;;;;;;;
cryptocurrency;;;;;;;;;
cscw;;;;;;;;;
cultural analysis;;;;;;;;;
cultural differences;;;;;;;;;
cultural heritage content;;;;;;;;;
cultural products;;;;;;;;;
culture;;;;;;;;;
customer;;;;;;;;;
customer acquisition;;;;;;;;;
customer behavior;customer behaviors;;;;;;;;
customer characteristics;;;;;;;;;
customer churn prediction;customer churn;churn prediction;churn;;;;;;
customer cooperation;;;;;;;;;
customer data;;;;;;;;;
customer demand;;;;;;;;;
customer development;;;;;;;;;
customer engagement;;;;;;;;;
customer engagement scale;;;;;;;;;
customer equity;;;;;;;;;
customer experience;;;;;;;;;
customer feedback;;;;;;;;;
customer interface;;;;;;;;;
customer lifetime value;;;;;;;;;
customer loyalty;;;;;;;;;
customer model;;;;;;;;;
customer privacy;;;;;;;;;
customer profiling;;;;;;;;;
customer profitability;;;;;;;;;
customer reference marketing;;;;;;;;;
customer referral;;;;;;;;;
customer relationship management;crm;customer relations management;customer relationship management (crm);;;;;;
customer relationship performance;;;;;;;;;
customer satisfaction;;;;;;;;;
customer satisfaction (cs);;;;;;;;;
customer secrecy strategies;;;;;;;;;
customer surveillance;;;;;;;;;
customer typology;;;;;;;;;
customer value (cv);;;;;;;;;
customer value anticipation;;;;;;;;;
customer value co-creation;;;;;;;;;
customer-dominant logic;;;;;;;;;
customer-generated content;;;;;;;;;
customers;;;;;;;;;
cyber security;;;;;;;;;
cyber-crime;;;;;;;;;
cyber-physical system;;;;;;;;;
cyberphysical system;;;;;;;;;
cynicism;;;;;;;;;
d&m is success model;;;;;;;;;
dark side of social networking;;;;;;;;;
data analysis;;;;;;;;;
data analytics;;;;;;;;;
data and text mining;;;;;;;;;
data clustering;;;;;;;;;
data consistency;;;;;;;;;
data envelopment analysis (dea);;;;;;;;;
data exchange;;;;;;;;;
data lake;;;;;;;;;
data lifecycle;;;;;;;;;
data management;;;;;;;;;
data mining;;;;;;;;;
data quality;;;;;;;;;
data quality assessment;;;;;;;;;
data quality metadata (dqm);;;;;;;;;
data quality metric;;;;;;;;;
data value chain;;;;;;;;;
data visualization;big data visualization;information visualization;visualization;;;;;;
data-driven framework;;;;;;;;;
database;databases;;;;;;;;
deactivation;;;;;;;;;
decision making;;;;;;;;;
decision process;;;;;;;;;
decision strategy;;;;;;;;;
decision support systems;;;;;;;;;
decision tree;c45;c50;;;;;;;
decision-making;decision-making process;;;;;;;;
deep acting;;;;;;;;;
deep learning;deep learning anns (dlanns);;;;;;;;
delivery of health care;;;;;;;;;
delphi method;delphi;delphi study;;;;;;;
demand chain management;;;;;;;;;
denbi;;;;;;;;;
dependence;;;;;;;;;
design intent;;;;;;;;;
design process;;;;;;;;;
design science;;;;;;;;;
desirability;;;;;;;;;
destination card;;;;;;;;;
destination marketing;;;;;;;;;
device integration;;;;;;;;;
differential diagnosis;;;;;;;;;
diffusion process;;;;;;;;;
digital;;;;;;;;;
digital content;;;;;;;;;
digital coupons;;;;;;;;;
digital creativity;;;;;;;;;
digital library;;;;;;;;;
digital marketing;;;;;;;;;
digitalization digital enablement internal branding huanyi;;;;;;;;;
direct marketing;;;;;;;;;
discrete choice;;;;;;;;;
discriminant analysis;;;;;;;;;
disease diagnosis;;;;;;;;;
disengagement;;;;;;;;;
disorder;;;;;;;;;
dispatching;;;;;;;;;
disruptive innovation;;;;;;;;;
disruptive innovation-led price;;;;;;;;;
disruptive technology;;;;;;;;;
disruptive technology adoption;;;;;;;;;
distributed collective practice toolkits;;;;;;;;;
distributed computing;;;;;;;;;
distributed project team;;;;;;;;;
doi;doi theory;;;;;;;;
domain specific application;;;;;;;;;
donation;;;;;;;;;
door-to-door delivery service;;;;;;;;;
dt;;;;;;;;;
dual process theory;;;;;;;;;
dynamic capabilities;;;;;;;;;
dynamic capabilities view;;;;;;;;;
dynamic information diffusion;;;;;;;;;
dynamic packaging;;;;;;;;;
dynamic panel data model;;;;;;;;;
e-business processes;e-business process capabilities;;;;;;;;
e-commerce;electronic commerce;;;;;;;;
e-commerce acceptance;;;;;;;;;
e-commerce success model;;;;;;;;;
e-communication;;;;;;;;;
e-crm;ecrm;ecrm features;;;;;;;
e-culture;;;;;;;;;
e-entrepreneurial organization;;;;;;;;;
e-entrepreneurial processes;;;;;;;;;
e-entrepreneurship;;;;;;;;;
e-government;egovernment;;;;;;;;
e-healthcare;;;;;;;;;
e-maintenance;;;;;;;;;
e-procurement;;;;;;;;;
e-readiness;;;;;;;;;
e-selling;;;;;;;;;
e-service quality;;;;;;;;;
e-shopping;;;;;;;;;
early design step;;;;;;;;;
economic performance;;;;;;;;;
economical skills;;;;;;;;;
economics perspective;;;;;;;;;
ecosystem theory;ecosystem;;;;;;;;
educacion superior;;;;;;;;;
effective advertising on facebook;;;;;;;;;
effectiveness;;;;;;;;;
efficiency;;;;;;;;;
efficiency motives;;;;;;;;;
egg donation;;;;;;;;;
eis implementation;;;;;;;;;
elderly;;;;;;;;;
electricity firms;;;;;;;;;
electricity markets;;;;;;;;;
electronic;;;;;;;;;
electronic banking;;;;;;;;;
electronic media;;;;;;;;;
embedded system;;;;;;;;;
embodiment;;;;;;;;;
emergency services;;;;;;;;;
emerging economies;;;;;;;;;
emerging market;;;;;;;;;
emerging market multinationals;;;;;;;;;
emotion detection;;;;;;;;;
emotional closeness;;;;;;;;;
emotional cues;;;;;;;;;
emotional exhaustion;;;;;;;;;
emotional labor;;;;;;;;;
empirical investigation;;;;;;;;;
empirical test;;;;;;;;;
employee performance;;;;;;;;;
employee proactivity;;;;;;;;;
employee relations;;;;;;;;;
employees;;;;;;;;;
employees coping strategy;;;;;;;;;
empowering stakeholders;;;;;;;;;
empowerment;;;;;;;;;
emr;;;;;;;;;
encounter;;;;;;;;;
endogenous growth theory;;;;;;;;;
energy efficiency;;;;;;;;;
engagement;;;;;;;;;
engagement behavior;;;;;;;;;
engagement dimensions;;;;;;;;;
engagement strategy;;;;;;;;;
entanglement view;;;;;;;;;
enterprise;enterprise 20;enterprise 21;;;;;;;
enterprise analysis and design;;;;;;;;;
enterprise application integration;;;;;;;;;
enterprise information system;;;;;;;;;
enterprise integration patterns;;;;;;;;;
enterprise mobile application;;;;;;;;;
enterprise modelling (em);;;;;;;;;
enterprise resource planning (erp);erp 20;erp ii;erp systems;erp post-implementation;;;;;
enterprise simulation;;;;;;;;;
enterprise social network;enterprise social networks;enterprise social software;enterprise social software (ess);;;;;;
enterprise systems;;;;;;;;;
entrepreneurship;entrepreneurial orientation;;;;;;;;
entropy model;;;;;;;;;
environmental education;;;;;;;;;
environmental uncertainty;;;;;;;;;
epidemic model;;;;;;;;;
epnet;;;;;;;;;
ethical ideology;;;;;;;;;
ethical transgression;;;;;;;;;
european union;eu;europe;;;;;;;
evaluation;;;;;;;;;
evaluation framework;;;;;;;;;
evaluation study;;;;;;;;;
event conceptualization;;;;;;;;;
event representation and modeling;;;;;;;;;
event study;events;;;;;;;;
event-based applications and benchmarking;;;;;;;;;
event-based media processing and analysis;;;;;;;;;
event-stream;;;;;;;;;
evolution;;;;;;;;;
exergames;;;;;;;;;
exhibitions;;;;;;;;;
expectation confirmation model;;;;;;;;;
expectation confirmation theory;expectancy confirmation theory;;;;;;;;
experience products;;;;;;;;;
experience sampling method;;;;;;;;;
experiential engagement;;;;;;;;;
experiential value;;;;;;;;;
explanatory and predictive models;;;;;;;;;
exponential-family random graph models (ergms);;;;;;;;;
exporting companies;;;;;;;;;
extended resource based view;;;;;;;;;
extended use;;;;;;;;;
external ict consultants;;;;;;;;;
extrinsic motivation;;;;;;;;;
eye tracking;;;;;;;;;
face;;;;;;;;;
facebook;facebook brand page;facebook marketing;facebook and twitter;;;;;;
facilitating conditions;;;;;;;;;
fan engagement;;;;;;;;;
fear of online identity theft;;;;;;;;;
feature selection;;;;;;;;;
field analysis;;;;;;;;;
fields of radical innovation;;;;;;;;;
financial applications;;;;;;;;;
financial computing;;;;;;;;;
financial institutions;;;;;;;;;
financial outlook;;;;;;;;;
financial performance;;;;;;;;;
financial ratios;;;;;;;;;
financial services;;;;;;;;;
financial services regulation;;;;;;;;;
fintech;;;;;;;;;
firm generated content;;;;;;;;;
firm growth;;;;;;;;;
firm performance;;;;;;;;;
firm strategies;;;;;;;;;
firm undervaluation;;;;;;;;;
firm-specific advantages;;;;;;;;;
flight deck;;;;;;;;;
flight simulator;;;;;;;;;
flintstones;;;;;;;;;
flow;;;;;;;;;
flow theory;;;;;;;;;
food retailer;;;;;;;;;
forecasting methods;;;;;;;;;
foreign direct investment;;;;;;;;;
forensic accounting;;;;;;;;;
foresight support system for medical industry;;;;;;;;;
forex rate prediction;;;;;;;;;
formal and informal security;;;;;;;;;
formal methods;;;;;;;;;
forums and communities;;;;;;;;;
framework;;;;;;;;;
framing effect;;;;;;;;;
fraud;;;;;;;;;
freedom of information (foi);;;;;;;;;
freight;;;;;;;;;
friendship;;;;;;;;;
fun;;;;;;;;;
funding intention;;;;;;;;;
future challenges;;;;;;;;;
future intention;;;;;;;;;
fuzzy grey situation decision-making algorithm;;;;;;;;;
fuzzy logic;;;;;;;;;
fuzzy-set;fuzzy sets;;;;;;;;
galaxy;;;;;;;;;
gambling;;;;;;;;;
game business performance;;;;;;;;;
games business factors;;;;;;;;;
gamification;;;;;;;;;
gender;;;;;;;;;
gender differences;gender gap;;;;;;;;
gendered self-construal;;;;;;;;;
general aviation;;;;;;;;;
geographic information systems;;;;;;;;;
gibrats law;;;;;;;;;
global engineering services (ges);;;;;;;;;
global project management;;;;;;;;;
global reporting initiative;;;;;;;;;
going private;;;;;;;;;
government websites;;;;;;;;;
graph cellular automaton;;;;;;;;;
graph mining;;;;;;;;;
greece;;;;;;;;;
gross operating profit;;;;;;;;;
group buying;;;;;;;;;
group discovery;;;;;;;;;
guanxi;;;;;;;;;
habitual use;;;;;;;;;
hadoop;;;;;;;;;
halal;;;;;;;;;
halford mackinder;;;;;;;;;
harbor container terminal;;;;;;;;;
hdfs;;;;;;;;;
health;;;;;;;;;
health care;healthcare;;;;;;;;
health care rationing;;;;;;;;;
health communication;;;;;;;;;
health information systems;;;;;;;;;
health services;;;;;;;;;
health status;;;;;;;;;
healthcare quality;;;;;;;;;
heritage management;;;;;;;;;
hierarchical modeling;;;;;;;;;
higher education;;;;;;;;;
higher order thinking;;;;;;;;;
historical development;;;;;;;;;
homophily;;;;;;;;;
horizon report;;;;;;;;;
horizontal management;;;;;;;;;
hospitality and tourism;hospitality;hospitality industry;;;;;;;
hospitality service failure;;;;;;;;;
hotel booking;;;;;;;;;
hotel chains;;;;;;;;;
hotel industry;;;;;;;;;
hotel management;;;;;;;;;
hotel marketing;;;;;;;;;
hotel performance;;;;;;;;;
hotel resources;;;;;;;;;
hotel sector;;;;;;;;;
hotel web sites;;;;;;;;;
hotels;;;;;;;;;
hr architecture;;;;;;;;;
human capital measurement;;;;;;;;;
human immersion;;;;;;;;;
human learning;;;;;;;;;
human-based computation;;;;;;;;;
human-environment interactions;;;;;;;;;
humancomputer interaction;humancomputer interaction;;;;;;;;
humor;;;;;;;;;
hunter-gatherer mobility;;;;;;;;;
hybrid;;;;;;;;;
hybrid algorithm;;;;;;;;;
hybrid approach;;;;;;;;;
hybrid integration;;;;;;;;;
hybrid organisation;;;;;;;;;
ict adoption;;;;;;;;;
idealism;;;;;;;;;
ideation;;;;;;;;;
identity management;;;;;;;;;
identity matching;;;;;;;;;
identity theft;;;;;;;;;
iiie;;;;;;;;;
image;;;;;;;;;
image analysis;photo analysis;;;;;;;;
image forgery;;;;;;;;;
image tagging;;;;;;;;;
imbalance data;imbalanced data;;;;;;;;
impact-asymmetry analysis;;;;;;;;;
impacts of information technology;impact of is use;;;;;;;;
implementation;implementations;;;;;;;;
implementation of bpm;;;;;;;;;
importation and transposition of logics;;;;;;;;;
impression management;;;;;;;;;
in-kind reward;;;;;;;;;
in-store communications;;;;;;;;;
independence;;;;;;;;;
independent cascade model;;;;;;;;;
india;;;;;;;;;
indicators;;;;;;;;;
individuals;;;;;;;;;
indoor localization;;;;;;;;;
industrial buying;;;;;;;;;
industrial information integration;;;;;;;;;
industrial marketing;;;;;;;;;
industrial sector;;;;;;;;;
industry 40;;;;;;;;;
inequality;;;;;;;;;
influence maximization;;;;;;;;;
influence measure;;;;;;;;;
influence processes;;;;;;;;;
influential users;;;;;;;;;
informal and formal management;;;;;;;;;
informal care;;;;;;;;;
informal interaction;;;;;;;;;
informal learning recognition;;;;;;;;;
informal organisation;;;;;;;;;
informatics-based service;;;;;;;;;
information communication technology;information and communication technologies;information and communication technologies (ict);ict;information technology;it;;;;
information exchange;information sharing;;;;;;;;
information integration;;;;;;;;;
information processes;;;;;;;;;
information quality;;;;;;;;;
information search;;;;;;;;;
information security;information security management;information security risk management;;;;;;;
information sources;;;;;;;;;
information system success model;;;;;;;;;
information systems;information technology/systems;;;;;;;;
information systems development;;;;;;;;;
information technology outsourcing;;;;;;;;;
information technology resource;;;;;;;;;
information-sharing continuance;;;;;;;;;
informational and normative influence;;;;;;;;;
informational/emotional support;;;;;;;;;
infrastructure;;;;;;;;;
innovation;innovations;;;;;;;;
innovation adoption;;;;;;;;;
innovation assimilation;;;;;;;;;
innovation co-creation;;;;;;;;;
innovation management strategies;;;;;;;;;
innovation oriented organization;;;;;;;;;
innovation projects;;;;;;;;;
innovation translation theory;;;;;;;;;
innovative management;;;;;;;;;
innovative performance;;;;;;;;;
innovativeness;;;;;;;;;
inside-out marketing capability;;;;;;;;;
institutional isomorphism;;;;;;;;;
institutional logic;institutional logics;;;;;;;;
institutional pressure;;;;;;;;;
institutional theory;;;;;;;;;
instrumental variables;;;;;;;;;
intangibility;;;;;;;;;
integrated development environments;;;;;;;;;
integrated marketing communications;;;;;;;;;
integrated production and transportation;;;;;;;;;
integrated solution;integrated solutions;;;;;;;;
integration;;;;;;;;;
intelligent manufacturing;;;;;;;;;
intelligent transportation systems;;;;;;;;;
intention;;;;;;;;;
intentions to write online reviews;;;;;;;;;
inter-action intensity;;;;;;;;;
inter-team collaboration;;;;;;;;;
inter-unit projects;;;;;;;;;
interaction;;;;;;;;;
interaction learning;;;;;;;;;
interdependence;;;;;;;;;
interdisciplinarity;;;;;;;;;
interfirm network analysis;;;;;;;;;
internalization theory;;;;;;;;;
international;;;;;;;;;
international entrepreneurship;;;;;;;;;
internationalization motivation typology;;;;;;;;;
internationalization of emerging market firms;;;;;;;;;
internet;;;;;;;;;
internet marketing;;;;;;;;;
internet of things;internet of things (iot);iot;;;;;;;
internet research;;;;;;;;;
internet shoppers;;;;;;;;;
interoperability;;;;;;;;;
interorganizational learning;;;;;;;;;
interorganizational trust;;;;;;;;;
interpretation of cues;;;;;;;;;
interpretive structural modelling;;;;;;;;;
intra-firm diffusion;;;;;;;;;
intra-team relationships;;;;;;;;;
intranet 20 implementation;;;;;;;;;
intrinsic motivation;;;;;;;;;
inverted ant colony optimization algorithm;;;;;;;;;
investment;;;;;;;;;
investments;;;;;;;;;
invisibility learning;;;;;;;;;
involvement willingnes;;;;;;;;;
iress;;;;;;;;;
is continuance;;;;;;;;;
is success;;;;;;;;;
is-continuance theory;;;;;;;;;
issue labels;;;;;;;;;
issues;;;;;;;;;
it acceptance;;;;;;;;;
it adoption;;;;;;;;;
it business value;;;;;;;;;
it capability;;;;;;;;;
it competence;;;;;;;;;
it culture;;;;;;;;;
it governance;;;;;;;;;
it needs;;;;;;;;;
it strategy;;;;;;;;;
italian destination;;;;;;;;;
iterative formative research;;;;;;;;;
job outcomes;;;;;;;;;
joint venture;;;;;;;;;
jordan;;;;;;;;;
just culture;;;;;;;;;
k-means clustering;;;;;;;;;
k-nearest neighbor;k-nearest neighbours (knn);knn;nearest neighbor;;;;;;
kam;;;;;;;;;
kano;;;;;;;;;
kansei engineering;;;;;;;;;
kets;;;;;;;;;
key account management;key account managers;;;;;;;;
kibs;;;;;;;;;
kinship;;;;;;;;;
knime;;;;;;;;;
knowledge;;;;;;;;;
knowledge acquisition;;;;;;;;;
knowledge acquisition from social media;;;;;;;;;
knowledge adoption;;;;;;;;;
knowledge contribution;;;;;;;;;
knowledge creation mode;;;;;;;;;
knowledge creation performance;;;;;;;;;
knowledge creation process;;;;;;;;;
knowledge discovery in databases;;;;;;;;;
knowledge extraction;;;;;;;;;
knowledge fusion;;;;;;;;;
knowledge integration;;;;;;;;;
knowledge management;;;;;;;;;
knowledge management capability;;;;;;;;;
knowledge management systems;;;;;;;;;
knowledge representation and reasoning;;;;;;;;;
knowledge requirements;;;;;;;;;
knowledge seeking;;;;;;;;;
knowledge sharing;;;;;;;;;
knowledge structures;;;;;;;;;
knowledge-based view;;;;;;;;;
knwoledge base;;;;;;;;;
label transfer;;;;;;;;;
large scale simulations for apis;;;;;;;;;
largescale data;;;;;;;;;
las vegas;;;;;;;;;
late payment prediction;;;;;;;;;
latent semantic analysis;;;;;;;;;
later use;;;;;;;;;
latinos;;;;;;;;;
lcp segmentation;;;;;;;;;
lean pss;;;;;;;;;
learning analytics;;;;;;;;;
learning culture;;;;;;;;;
learning orientation;;;;;;;;;
legal view of agency theory;;;;;;;;;
legitimacy;;;;;;;;;
lexica creation;;;;;;;;;
lift;;;;;;;;;
light-weight semantics;;;;;;;;;
linear discriminant analysis (lda);;;;;;;;;
linear threshold model;;;;;;;;;
linked data;;;;;;;;;
linked open data;;;;;;;;;
linkedin;;;;;;;;;
literature review;;;;;;;;;
literature survey;survey of the literature;;;;;;;;
live streamer;;;;;;;;;
live streaming;;;;;;;;;
load balancing;;;;;;;;;
local government;;;;;;;;;
location-based services;;;;;;;;;
logistic regression;;;;;;;;;
logit leaf model;;;;;;;;;
logit model;;;;;;;;;
long tail;;;;;;;;;
long-term;;;;;;;;;
longitudinal studies;;;;;;;;;
low-cost airline business model;;;;;;;;;
low-cost carriers;;;;;;;;;
loyalty;;;;;;;;;
loyalty intentions;;;;;;;;;
luxury;;;;;;;;;
machine learning;;;;;;;;;
machine learning of syntactic parse trees;;;;;;;;;
machine-to-machine;;;;;;;;;
macro-structures;;;;;;;;;
magic lantern;;;;;;;;;
make-to-xgrade;;;;;;;;;
maladaptive technology dependence;;;;;;;;;
malaysia;;;;;;;;;
management;;;;;;;;;
management challenges;;;;;;;;;
management fashion;;;;;;;;;
management issues for social networks;;;;;;;;;
management of intra-organizational coopetition;;;;;;;;;
management response;;;;;;;;;
managerial adoption process;;;;;;;;;
managerial mindsets;;;;;;;;;
managerial quality-of-service attributes;;;;;;;;;
manufacturing;;;;;;;;;
manufacturing data;;;;;;;;;
manufacturing sector;;;;;;;;;
manufacturing systems;;;;;;;;;
mapping;;;;;;;;;
mapreduce;;;;;;;;;
marker-based;;;;;;;;;
markerless;;;;;;;;;
market basket analysis;;;;;;;;;
market intelligence;;;;;;;;;
market orientation;;;;;;;;;
market performance;;;;;;;;;
market research;;;;;;;;;
market segmentation;;;;;;;;;
market value of firm;;;;;;;;;
marketing;;;;;;;;;
marketing capability;marketing capabilities;;;;;;;;
marketing channel complaints;;;;;;;;;
marketing de medios sociales;;;;;;;;;
marketing ethics;;;;;;;;;
marketing organization;marketing organization theory;;;;;;;;
marketing philosophy;;;;;;;;;
marketing strategy;;;;;;;;;
marketing-r&d interface;;;;;;;;;
mass customization;;;;;;;;;
matchmaking;;;;;;;;;
mca;;;;;;;;;
measurement;;;;;;;;;
measurement development;;;;;;;;;
mechanism design;;;;;;;;;
media naturalness theory;;;;;;;;;
medical errors;;;;;;;;;
medical informatics;;;;;;;;;
medical web forum;;;;;;;;;
membership cards;;;;;;;;;
mergers;;;;;;;;;
mesh terms: elderly;;;;;;;;;
meta-analysis;;;;;;;;;
meta-ethnography;;;;;;;;;
metadata crosswalks;;;;;;;;;
metadata standards;;;;;;;;;
microblogging;micro-blogging;micro blog;;;;;;;
microenterprises;;;;;;;;;
microfinance;;;;;;;;;
microscopy;;;;;;;;;
migrant workers;;;;;;;;;
migration;;;;;;;;;
mind/body;;;;;;;;;
minimum cross entropy;;;;;;;;;
misalignment;;;;;;;;;
missed care;;;;;;;;;
mission drift;;;;;;;;;
misuse of personal and financial data;;;;;;;;;
mixed-method research;mixed methodology;mixed methods approach;mixed-methods grounded theory;;;;;;
mobile;;;;;;;;;
mobile app adoption;;;;;;;;;
mobile application;mobile app;mobile applications;mobile apps;mobile shopping apps;;;;;
mobile banking;;;;;;;;;
mobile business;;;;;;;;;
mobile cloud computing;;;;;;;;;
mobile commerce;m-commerce;mobile social commerce;;;;;;;
mobile data;;;;;;;;;
mobile devices;;;;;;;;;
mobile diaries;;;;;;;;;
mobile marketing;mobile advertising;;;;;;;;
mobile promotions;;;;;;;;;
mobile services;;;;;;;;;
mobile social media;mobile social computing;;;;;;;;
mobile targeting;;;;;;;;;
model-based engineering;;;;;;;;;
modeling;modelling;;;;;;;;
monetary reward;;;;;;;;;
monitoring;;;;;;;;;
morphology analysis;;;;;;;;;
motivation;;;;;;;;;
mpp;;;;;;;;;
multi devices;;;;;;;;;
multi-attribute evaluation;;;;;;;;;
multi-channel ecosystems;;;;;;;;;
multi-modality;;;;;;;;;
multi-unit and multi-brand coopetition;;;;;;;;;
multidimensional modeling;;;;;;;;;
multigenerational marketing;;;;;;;;;
multilevel approach;;;;;;;;;
multimedia;;;;;;;;;
multimedia event detection;;;;;;;;;
multiple case studies;;;;;;;;;
multistage approach;;;;;;;;;
museum guides;;;;;;;;;
museums;;;;;;;;;
music marketing;;;;;;;;;
muslim friendly;;;;;;;;;
mutual trust;;;;;;;;;
mutual understanding;;;;;;;;;
n-rel;;;;;;;;;
naivasha-nakuru basin;;;;;;;;;
naive bayes (nb);;;;;;;;;
named entity recognition;;;;;;;;;
nanotechnology;;;;;;;;;
necessity;;;;;;;;;
need for social approval;;;;;;;;;
neighborhood;;;;;;;;;
netnography;;;;;;;;;
network;;;;;;;;;
network airlines;;;;;;;;;
network analysis;network analytics;;;;;;;;
network applications;;;;;;;;;
network approach;;;;;;;;;
network capabilities;network capability;;;;;;;;
network data;;;;;;;;;
network externalities;;;;;;;;;
network features;;;;;;;;;
network resources;;;;;;;;;
network-based classifiers;;;;;;;;;
networking technologies;;;;;;;;;
new e-business technologies;;;;;;;;;
new product development;;;;;;;;;
new product diffusion;;;;;;;;;
new product promotion;;;;;;;;;
new technology;;;;;;;;;
new venture;;;;;;;;;
news stories;;;;;;;;;
nielsen people meter;;;;;;;;;
no-tillage;;;;;;;;;
non-iidness learning;;;;;;;;;
normalization;;;;;;;;;
normative supplier pressures;;;;;;;;;
norms;;;;;;;;;
nosql;;;;;;;;;
npd;;;;;;;;;
nps;;;;;;;;;
nuclear power plant;;;;;;;;;
nursing process;;;;;;;;;
obsidian conveyance;;;;;;;;;
obsidian hydration dating;;;;;;;;;
obsidian provenance analysis;;;;;;;;;
obsidian sourcing;;;;;;;;;
off-normal condition;;;;;;;;;
omni-channel marketing;;;;;;;;;
oneness;;;;;;;;;
online;;;;;;;;;
online banking;;;;;;;;;
online brand communities;;;;;;;;;
online communication with customer;;;;;;;;;
online community;online communities;;;;;;;;
online customer reviews;customer reviews;online review;online reviews;review;reviews;;;;
online customer-initiated contact;;;;;;;;;
online game;online games;;;;;;;;
online interactivity;;;;;;;;;
online marketing;;;;;;;;;
online privacy;;;;;;;;;
online profiling;;;;;;;;;
online relationship management;;;;;;;;;
online retailing;;;;;;;;;
online review management;;;;;;;;;
online sales;;;;;;;;;
online shop;online shopping;;;;;;;;
online social network;online social networks;online social networks (osns);;;;;;;
online transportation;;;;;;;;;
online visibility;;;;;;;;;
ontology;ontology mining;;;;;;;;
ontology-based data access;;;;;;;;;
ontology-based data integration;;;;;;;;;
ontop;;;;;;;;;
open government;;;;;;;;;
open government data (ogd);;;;;;;;;
open innovations;;;;;;;;;
operational efficiency;;;;;;;;;
opinion leadership;;;;;;;;;
opinion mining;;;;;;;;;
optimization;;;;;;;;;
or in marketing;;;;;;;;;
organization;;;;;;;;;
organizational culture;;;;;;;;;
organizational design;organization re-design;;;;;;;;
organizational innovation;;;;;;;;;
organizational transformation;;;;;;;;;
otas;;;;;;;;;
outreach;;;;;;;;;
outside-in marketing capability;;;;;;;;;
overlap communities;;;;;;;;;
paleopathology;;;;;;;;;
paradigm-specific macro-structures;;;;;;;;;
partial least squares;partial least squares multi-group analysis (pls-mga);partial least squares structural equation modelling (pls-sem);;;;;;;
participation;;;;;;;;;
participation behavior;;;;;;;;;
participation engagement;;;;;;;;;
partner interface;;;;;;;;;
partnership;;;;;;;;;
passenger loyalty;;;;;;;;;
passenger satisfaction;;;;;;;;;
passenger trust;;;;;;;;;
patient care;;;;;;;;;
pdm;;;;;;;;;
peace;;;;;;;;;
peer effects;;;;;;;;;
peer participation;;;;;;;;;
perceived behavioral control;;;;;;;;;
perceived gambling value;;;;;;;;;
perceived information helpfulness;;;;;;;;;
perceived interactivity;;;;;;;;;
perceived job performance;;;;;;;;;
perceived risk;;;;;;;;;
perceived value;;;;;;;;;
perception of innovation;;;;;;;;;
performance;;;;;;;;;
performance evaluation;performance measure;;;;;;;;
personality;;;;;;;;;
personality prediction;;;;;;;;;
personality traits;;;;;;;;;
personalization;;;;;;;;;
personalized and scalable product experience ;;;;;;;;;
personalized recommendation;;;;;;;;;
persuasive technology;;;;;;;;;
pervasive;;;;;;;;;
pestel;;;;;;;;;
petri nets;;;;;;;;;
pii attributes;;;;;;;;;
pipeline;;;;;;;;;
place attachment;;;;;;;;;
platform;;;;;;;;;
platform capability;;;;;;;;;
plm;;;;;;;;;
pls-sem;;;;;;;;;
plspm;;;;;;;;;
pokemon go;;;;;;;;;
policy makers;;;;;;;;;
popular geography;;;;;;;;;
port research;;;;;;;;;
post-adoption intention;;;;;;;;;
postal operator;;;;;;;;;
power;;;;;;;;;
power source;;;;;;;;;
practice environments;;;;;;;;;
practice theory;;;;;;;;;
practices;;;;;;;;;
predictive analysis;predictive analytics;predictive modeling;predictive models;;;;;;
prehistoric obsidian use;;;;;;;;;
prejudice;;;;;;;;;
prequalifying checklist;;;;;;;;;
prevention;;;;;;;;;
principal component analysis;;;;;;;;;
privacy;;;;;;;;;
privacy concern;;;;;;;;;
privacy fatigue;;;;;;;;;
privacy preserving;;;;;;;;;
privacy risk;;;;;;;;;
private club industry;;;;;;;;;
probabilistic trust rule;;;;;;;;;
proceso de adopcion gerencial;;;;;;;;;
process approach;;;;;;;;;
process components analysis;;;;;;;;;
process container organization;;;;;;;;;
process improvement;;;;;;;;;
process logs;;;;;;;;;
process mining;;;;;;;;;
process oriented;;;;;;;;;
process performance;;;;;;;;;
process prioritization;;;;;;;;;
processes;;;;;;;;;
product avatar;;;;;;;;;
product design;;;;;;;;;
product diversity;;;;;;;;;
product information;;;;;;;;;
product innovativeness;;;;;;;;;
product network;;;;;;;;;
product ontology;;;;;;;;;
product-enabled services;;;;;;;;;
product-service system;;;;;;;;;
production economics;;;;;;;;;
professional sales;;;;;;;;;
professional service operations management (psom);;;;;;;;;
profit;;;;;;;;;
programming environments;;;;;;;;;
project management;project management office;;;;;;;;
project teams;;;;;;;;;
promoting new products;;;;;;;;;
proportionality;;;;;;;;;
prospect purchase intention;;;;;;;;;
prosumption;;;;;;;;;
psychological cost;;;;;;;;;
psychosis;;;;;;;;;
public data;;;;;;;;;
public maintenance;;;;;;;;;
public perception;;;;;;;;;
public procurement;;;;;;;;;
public self-consciousness;;;;;;;;;
public service broadcasting;;;;;;;;;
purchase behavior;;;;;;;;;
purchase intention;;;;;;;;;
pushpullmooring;;;;;;;;;
q-gram indexing;;;;;;;;;
qos prediction;;;;;;;;;
qualitative and quantitative analysis;;;;;;;;;
qualitative comparative analysis (qca);;;;;;;;;
qualitative methods;;;;;;;;;
qualitative study;;;;;;;;;
quality of life;;;;;;;;;
querying;;;;;;;;;
r-project;;;;;;;;;
r&d management/assessment;;;;;;;;;
r&d-marketing;;;;;;;;;
r2rml;;;;;;;;;
racism;;;;;;;;;
random forests;;;;;;;;;
rankings;;;;;;;;;
rare events;;;;;;;;;
ratings and reviews;;;;;;;;;
rational use;;;;;;;;;
raw material transfer;;;;;;;;;
rdf;;;;;;;;;
reach and richness;;;;;;;;;
real estate market development index;;;;;;;;;
real estate market sustainability;;;;;;;;;
real-time;;;;;;;;;
receiver operating characteristic analysis;;;;;;;;;
reciprocal commitment;;;;;;;;;
reciprocal favor;;;;;;;;;
recommendations;;;;;;;;;
reengineering open government;;;;;;;;;
referral reward program;;;;;;;;;
region duplication;;;;;;;;;
regression and classification models;;;;;;;;;
regret;;;;;;;;;
regulatory focus;;;;;;;;;
relational classification;;;;;;;;;
relational classifiers;;;;;;;;;
relational governance;;;;;;;;;
relational identification;;;;;;;;;
relational interdependence;;;;;;;;;
relational selling;;;;;;;;;
relational view;;;;;;;;;
relational website;;;;;;;;;
relationship;;;;;;;;;
relationship capital;;;;;;;;;
relationship commitment;;;;;;;;;
relationship harmony;;;;;;;;;
relationship management;;;;;;;;;
relationship marketing;;;;;;;;;
relationship modeling;;;;;;;;;
relationship quality;;;;;;;;;
relativism;;;;;;;;;
relevance;;;;;;;;;
relevance of text classification;;;;;;;;;
reliable transmission;;;;;;;;;
reporting culture;;;;;;;;;
repositories;;;;;;;;;
reproducible and collaborative research;;;;;;;;;
reproductive technology;;;;;;;;;
repurchase intention;;;;;;;;;
reputation;;;;;;;;;
reputation management;;;;;;;;;
reputation mechanism;;;;;;;;;
reputation monitoring;;;;;;;;;
research articles;;;;;;;;;
research framework;;;;;;;;;
resilience;;;;;;;;;
resistance;;;;;;;;;
resource allocation;resource allocation algorithm;;;;;;;;
resource commitment;;;;;;;;;
resource generator;;;;;;;;;
resource integration;;;;;;;;;
resource mobilisation;;;;;;;;;
resource pooling;;;;;;;;;
resource-based theory;resource-based view;;;;;;;;
respondents;;;;;;;;;
response modeling;;;;;;;;;
retail;retailing;;;;;;;;
retention;;;;;;;;;
return migration;;;;;;;;;
return to education;;;;;;;;;
reuse;;;;;;;;;
revealed-stated preferences;;;;;;;;;
revenue management;;;;;;;;;
reverse logistics;;;;;;;;;
review paper;;;;;;;;;
review valence;;;;;;;;;
rfid;rfid technology;;;;;;;;
rfm;;;;;;;;;
riesgo;;;;;;;;;
risk;;;;;;;;;
risk assessment model;;;;;;;;;
risk management;;;;;;;;;
risk-return;;;;;;;;;
road vehicle control;;;;;;;;;
rock-art;;;;;;;;;
roles of es professionals;;;;;;;;;
romanian city halls;;;;;;;;;
rooms revenue;;;;;;;;;
royal geographical society;;;;;;;;;
rule extraction;rule induction;;;;;;;;
rural institutional environment;;;;;;;;;
s-o-r model;;;;;;;;;
safety culture;;;;;;;;;
sales management;;;;;;;;;
sales performance;;;;;;;;;
sales technology;;;;;;;;;
salesperson;;;;;;;;;
salesperson behaviors;;;;;;;;;
salesperson performance;;;;;;;;;
salesperson service behaviors;;;;;;;;;
satisfaction;;;;;;;;;
scala;;;;;;;;;
scale development;;;;;;;;;
scale out nas;;;;;;;;;
scan function;;;;;;;;;
scanning behavior;;;;;;;;;
schizophrenia;;;;;;;;;
schooling returns;;;;;;;;;
scrm adoption;;;;;;;;;
scurvy;;;;;;;;;
sd logic;;;;;;;;;
sdlc;;;;;;;;;
seaport logistics;;;;;;;;;
search engine;;;;;;;;;
searching efforts;;;;;;;;;
seasonal pattern;;;;;;;;;
security;;;;;;;;;
security culture;;;;;;;;;
security of supply externalities;;;;;;;;;
security risk;;;;;;;;;
segmentation;;;;;;;;;
seismic risk;;;;;;;;;
self organizing map (som);;;;;;;;;
self-brand connection;self-brand connections;;;;;;;;
self-concept;;;;;;;;;
self-construal;;;;;;;;;
self-determination theory;;;;;;;;;
self-disclosure;;;;;;;;;
self-employment;;;;;;;;;
self-presentation;;;;;;;;;
self-reports;;;;;;;;;
selling;;;;;;;;;
selling performance;;;;;;;;;
sem-neural network;;;;;;;;;
semantic analysis;semantic representation;semantic data models;semantics;;;;;;
semantic space;;;;;;;;;
semantic web;semantic technology;;;;;;;;
sensitivity analysis;;;;;;;;;
sensor;;;;;;;;;
sentiment analysis;aspect-oriented sentiment analysis;sentiment classification;sentiment;;;;;;
sequential gaussian simulation;;;;;;;;;
service;services;;;;;;;;
service advantage;;;;;;;;;
service applications;;;;;;;;;
service composition;;;;;;;;;
service design;;;;;;;;;
service employee self-efficacy;;;;;;;;;
service evaluation;;;;;;;;;
service failure;;;;;;;;;
service innovation;service innovation (si);;;;;;;;
service level agreement;;;;;;;;;
service management;;;;;;;;;
service marketing;;;;;;;;;
service quality;;;;;;;;;
service recovery;;;;;;;;;
service science;;;;;;;;;
service trustworthiness;;;;;;;;;
service-dominant logic;;;;;;;;;
servitization;;;;;;;;;
shapley value;;;;;;;;;
sharing economy;;;;;;;;;
short-term shelter needs;;;;;;;;;
signaling;;;;;;;;;
simple knowledge organization system;;;;;;;;;
situation awareness;;;;;;;;;
situational cues;;;;;;;;;
skill gap;;;;;;;;;
skos;;;;;;;;;
smart agriculture;;;;;;;;;
smart card;;;;;;;;;
smart city;smart cities ;smart city application;;;;;;;
smart cloud;;;;;;;;;
smart contracts;;;;;;;;;
smart data and lakes;;;;;;;;;
smart destination management;;;;;;;;;
smart grid;smart grids;;;;;;;;
smart manufacturing;;;;;;;;;
smart object;;;;;;;;;
smart tourism;;;;;;;;;
smartphone;smart phones;;;;;;;;
smartphone repurchase intention;;;;;;;;;
small and medium enterprises;smes;small-to-medium enterprises;;;;;;;
social benefits;;;;;;;;;
social bots;;;;;;;;;
social brand engagement;;;;;;;;;
social business object;;;;;;;;;
social capital;social capital theory;;;;;;;;
social change;;;;;;;;;
social commerce;;;;;;;;;
social commerce components;;;;;;;;;
social compensation hypothesis;;;;;;;;;
social competency;;;;;;;;;
social computing;social software;;;;;;;;
social conflict;;;;;;;;;
social customer relationship management;social crm;social customer relationship management (social crm);;;;;;;
social discounting;;;;;;;;;
social effects;;;;;;;;;
social enhancement hypothesis;;;;;;;;;
social exchange theory;;;;;;;;;
social identity complexity;;;;;;;;;
social image;;;;;;;;;
social influence;;;;;;;;;
social information processing;;;;;;;;;
social intimacy pheromone;;;;;;;;;
social learning theory;;;;;;;;;
social manufacturing;;;;;;;;;
social media;social media (web);social media applications;social media technology;social media use;social platform;social-media networking;;;
social media analytics;;;;;;;;;
social media brand innovation;;;;;;;;;
social media business profile;;;;;;;;;
social media capabilities;;;;;;;;;
social media engagement;;;;;;;;;
social media management;social media management system (smms);;;;;;;;
social media marketing;social media marketing actions;;;;;;;;
social media networks;;;;;;;;;
social media strategy;social media strategic capability;;;;;;;;
social media service;;;;;;;;;
social network;social network sites (snss);social networking;social networks;social networking sites;social networking websites;social networks sites;;;
social network analysis;social analytics;social media networks analysis;social network analysis platform;;;;;;
social networking mode;;;;;;;;;
social networking services;;;;;;;;;
social performance;;;;;;;;;
social presence theory;social presence;;;;;;;;
social recommendations;;;;;;;;;
social selling;;;;;;;;;
social sensor;;;;;;;;;
social support;;;;;;;;;
social sustainability;;;;;;;;;
socialization;;;;;;;;;
socio-technical framework;;;;;;;;;
soft computing application;;;;;;;;;
software;;;;;;;;;
software architecture;software architecture styles;;;;;;;;
software as a service;;;;;;;;;
software development;;;;;;;;;
software ecosystem;;;;;;;;;
software fault and effort prediction;;;;;;;;;
software game;;;;;;;;;
software industry;;;;;;;;;
software policy;;;;;;;;;
software process improvement (spi);;;;;;;;;
solution network;;;;;;;;;
solution provision;;;;;;;;;
sor model;;;;;;;;;
source credibility;;;;;;;;;
south korea;;;;;;;;;
southwest;;;;;;;;;
sparql endpoint;;;;;;;;;
spatio-temporal prediction;;;;;;;;;
speech-act coding scheme;;;;;;;;;
spi success;;;;;;;;;
sports;;;;;;;;;
spread of influence;;;;;;;;;
stages-of-growth;;;;;;;;;
stakeholder management;;;;;;;;;
stakeholder orientation;;;;;;;;;
stakeholder relations;;;;;;;;;
stakeholder theory;;;;;;;;;
standardisation;;;;;;;;;
start-up business;;;;;;;;;
startup-driven innovation;;;;;;;;;
startups;;;;;;;;;
stated preferences;;;;;;;;;
static index pruning;;;;;;;;;
status;;;;;;;;;
stickiness;;;;;;;;;
stimulusorganismresponse paradigm;;;;;;;;;
stock market prediction;;;;;;;;;
store selection criteria;;;;;;;;;
strategic flexibility;;;;;;;;;
strategic role of it;;;;;;;;;
strategic social media management;;;;;;;;;
structural equation modeling;;;;;;;;;
structural equation modelling;;;;;;;;;
structural holes theory;;;;;;;;;
subgroup identification;;;;;;;;;
subjective norm;;;;;;;;;
subjective norms;;;;;;;;;
subjective well-being;subjective wellbeing;;;;;;;;
supplier performance;;;;;;;;;
supply chain management;supply chain;supply chain management (scm);;;;;;;
support bounds;;;;;;;;;
support vector machine;support vector machine (svm);svm;;;;;;;
surface acting;;;;;;;;;
surveillance;;;;;;;;;
survey;surveys;;;;;;;;
survey errors;;;;;;;;;
survey research;;;;;;;;;
survey validity;;;;;;;;;
survival analysis;;;;;;;;;
sustainability;;;;;;;;;
sustainability open innovation;;;;;;;;;
sustainable development;;;;;;;;;
sustainable innovation;;;;;;;;;
swift guanxi;;;;;;;;;
system design;;;;;;;;;
system gmm;;;;;;;;;
system interoperability and data integration;;;;;;;;;
system quality;;;;;;;;;
systematic literature review;systematic review;;;;;;;;
systemic approach;;;;;;;;;
systemic service innovation;;;;;;;;;
systems development projects;;;;;;;;;
tablet;;;;;;;;;
talent management;;;;;;;;;
taobao;;;;;;;;;
targeting;;;;;;;;;
targeting strategies;;;;;;;;;
task performance;;;;;;;;;
task-technology fit;;;;;;;;;
taxonomy of power influences in supply chain;;;;;;;;;
teaching microeconomics;;;;;;;;;
teachinglearning-based optimization;;;;;;;;;
team identification;;;;;;;;;
team social capital;;;;;;;;;
team work;;;;;;;;;
teamness;;;;;;;;;
technical quality-of-service attributes;;;;;;;;;
techniques;;;;;;;;;
technological change;;;;;;;;;
technological characteristics;;;;;;;;;
technological environment;;;;;;;;;
technological opportunism;;;;;;;;;
technological opportunity discovery;;;;;;;;;
technological paradigm;;;;;;;;;
technology;;;;;;;;;
technology acceptance model;technology acceptance;tam model;tam;technology acceptance model (tam);;;;;
technology addiction;;;;;;;;;
technology adoption;;;;;;;;;
technology brand loyalty;;;;;;;;;
technology forecasting;;;;;;;;;
technology industry;;;;;;;;;
technology infusion;;;;;;;;;
technology innovation;;;;;;;;;
technology law;;;;;;;;;
technology oriented;;;;;;;;;
technology readiness index (tri);;;;;;;;;
technology roadmapping;;;;;;;;;
technology sourcing;;;;;;;;;
technology-organization-environment-process;;;;;;;;;
technologyorganizationenvironment (toe) model;;;;;;;;;
technostress;;;;;;;;;
teen pregnancy;;;;;;;;;
telecommunication;;;;;;;;;
telecommunication data;;;;;;;;;
telecommunications firms;;;;;;;;;
television viewing;;;;;;;;;
temporal data;;;;;;;;;
temporal trend;;;;;;;;;
temporary housing software tools;;;;;;;;;
tenets;;;;;;;;;
tepehuan;;;;;;;;;
territoriality;;;;;;;;;
text analytics;;;;;;;;;
text analytics for android project;;;;;;;;;
text messaging;;;;;;;;;
text mining;;;;;;;;;
theoretical extension;;;;;;;;;
theory building;;;;;;;;;
theory construction;;;;;;;;;
theory integration;;;;;;;;;
theory of planned behaviour;;;;;;;;;
three-layer structure;;;;;;;;;
tie strength;;;;;;;;;
time interval;;;;;;;;;
time orientation;;;;;;;;;
time pressure;;;;;;;;;
time series;;;;;;;;;
tipping;;;;;;;;;
toe framework;toe;;;;;;;;
tools;;;;;;;;;
top management support;;;;;;;;;
topic model;;;;;;;;;
topic modelling;;;;;;;;;
topsis;;;;;;;;;
total factor productivity;;;;;;;;;
tourism;;;;;;;;;
tourism alliances;;;;;;;;;
tourist card 20;;;;;;;;;
tourist destination;;;;;;;;;
tourist kit;;;;;;;;;
traditional marketing analytics;;;;;;;;;
trailer;;;;;;;;;
trains;;;;;;;;;
transcendence;;;;;;;;;
transfer learning;;;;;;;;;
transformational leadership;;;;;;;;;
transparency;;;;;;;;;
travel;;;;;;;;;
treatment;;;;;;;;;
trucking;;;;;;;;;
trust;;;;;;;;;
trust aco;;;;;;;;;
trust perception;;;;;;;;;
trust process;;;;;;;;;
turkey;;;;;;;;;
turning bands method;;;;;;;;;
twitter;facebook and twitter;;;;;;;;
two-sided market;;;;;;;;;
two-way communication;;;;;;;;;
typology;;;;;;;;;
ubiquitous computing;;;;;;;;;
ubiquitous manufacturing;;;;;;;;;
ucc;;;;;;;;;
ugc;;;;;;;;;
uncertain samples;;;;;;;;;
uncertainties;;;;;;;;;
unethical customer behavior;;;;;;;;;
unit non-response;;;;;;;;;
university research centers;;;;;;;;;
usa;;;;;;;;;
usability;;;;;;;;;
usage and gratification approach;;;;;;;;;
usage patterns;;;;;;;;;
usage-based-insurance;;;;;;;;;
use;;;;;;;;;
usefulness of crm solutions;;;;;;;;;
user behavioural engagement;;;;;;;;;
user communities;;;;;;;;;
user engagement;;;;;;;;;
user entrepreneur;;;;;;;;;
user generated content;;;;;;;;;
user innovation;;;;;;;;;
user integration;;;;;;;;;
user profiles;;;;;;;;;
user roles;;;;;;;;;
user satisfaction;;;;;;;;;
user-generated content;user-created content;user-generated content (ugc);user-generated media;user-generated-content;;;;;
users viewpoint;;;;;;;;;
uses and gratifications theory;uses and gratifications;;;;;;;;
utaut2;;;;;;;;;
utilisationimportance matrix;;;;;;;;;
v-commerce;;;;;;;;;
valence;;;;;;;;;
value capture;;;;;;;;;
value co-creation;;;;;;;;;
value creation;value-creation;;;;;;;;
value in consumption;;;;;;;;;
value leverage;;;;;;;;;
value protection;;;;;;;;;
value stream;;;;;;;;;
value use;;;;;;;;;
value-discover;;;;;;;;;
value-in-context;;;;;;;;;
value-realization;;;;;;;;;
vehicular cloud computing;;;;;;;;;
vehicular networks;;;;;;;;;
video;;;;;;;;;
video game;;;;;;;;;
violence;;;;;;;;;
virtual brand communities;;;;;;;;;
virtual community;;;;;;;;;
virtual customer experience;;;;;;;;;
virtual machine;;;;;;;;;
virtual mirror;;;;;;;;;
virtual reality;virtual reality retailing (vrr);augmented reality (ar);;;;;;;
virtual world;virtual worlds (vws);;;;;;;;
visual geography;;;;;;;;;
vitamin c deficiency;;;;;;;;;
voll pricing;;;;;;;;;
waiting time;;;;;;;;;
waste;;;;;;;;;
web 20;web 20 technologies;web 20 technologies use in public sector;;;;;;;
web application normal load testing;;;;;;;;;
web frameworks;;;;;;;;;
web mining;web content mining;;;;;;;;
web of things;;;;;;;;;
web rule;;;;;;;;;
web services;;;;;;;;;
web site socialness;;;;;;;;;
web-based integration;;;;;;;;;
web-based self-service;;;;;;;;;
web-based surveys;;;;;;;;;
website personalization;;;;;;;;;
wellbeing;;;;;;;;;
willingness to pay;;;;;;;;;
word tree;;;;;;;;;
word-of-mouth;word-of-mouth (wom);electronic word of mouth;electronic word-of-mouth;electronic word-of-mouth (e-wom);electronic word-of-mouth (ewom);(electronic) word of mouth;e-wom;e-word-of-mouth;ewom
words co-occurrence network;;;;;;;;;
workflow;;;;;;;;;
workload;;;;;;;;;
wrapper technologies;;;;;;;;;
xcloudx;;;;;;;;;
zernike moment;;;;;;;;;